[{"react-native-geocoder":{"version":"0.5.0","transitive":false,"url":"https://github.com/devfd/react-native-geocoder"}},{"@react-native-community/geolocation":{"version":"3.4.0","transitive":false,"url":"https://github.com/michalchudziak/react-native-geolocation#README.md"}},{"@react-native-async-storage/async-storage":{"version":"2.0.0","transitive":false,"url":"https://github.com/react-native-async-storage/async-storage#readme"}},{"merge-options":{"version":"3.0.4","transitive":true,"url":null}},{"is-plain-obj":{"version":"2.1.0","transitive":true,"url":null}},{"js-base64":{"version":"3.7.7","transitive":false,"url":null}}]