[{"classnames":{"version":"2.5.1","url":null}},{"@mendix/widget-plugin-component-kit":{"version":"0.1.0","url":null}},{"@mendix/widget-plugin-filtering":{"version":"2.1.0","url":null}},{"@mendix/widget-plugin-platform":{"version":"0.2.0","url":null}},{"mobx":{"version":"6.12.3","url":"https://mobx.js.org/"}},{"mobx-react-lite":{"version":"4.0.7","url":"https://mobx.js.org"}},{"@mendix/widget-plugin-external-events":{"version":"0.1.0","url":null}},{"nanoevents":{"version":"9.0.0","url":null}},{"date-fns":{"version":"3.6.0","url":null}},{"prop-types":{"version":"15.8.1","url":"https://facebook.github.io/react/"}},{"clsx":{"version":"2.1.1","url":null}},{"react-onclickoutside":{"version":"6.13.2","url":"https://github.com/Pomax/react-onclickoutside"}},{"@floating-ui/utils":{"version":"0.2.8","url":"https://floating-ui.com"}},{"@floating-ui/core":{"version":"1.6.0","url":"https://floating-ui.com"}},{"@floating-ui/dom":{"version":"1.6.3","url":"https://floating-ui.com"}},{"@floating-ui/react-dom":{"version":"2.1.2","url":"https://floating-ui.com/docs/react-dom"}},{"@floating-ui/react":{"version":"0.26.27","url":"https://floating-ui.com/docs/react"}},{"react-datepicker":{"version":"6.9.0","url":"https://github.com/Hacker0x01/react-datepicker"}},{"@babel/runtime":{"version":"7.25.7","url":"https://babel.dev/docs/en/next/babel-runtime"}},{"react-is":{"version":"18.2.0","url":"https://reactjs.org/"}},{"compute-scroll-into-view":{"version":"3.1.0","url":"https://scroll-into-view.dev"}},{"tslib":{"version":"2.8.1","url":"https://www.typescriptlang.org/"}},{"downshift":{"version":"9.0.8","url":"https://downshift-js.com"}},{"@mendix/filter-commons":{"version":"0.2.0","url":null}},{"@mendix/widget-plugin-mobx-kit":{"version":"0.1.0","url":null}}]