﻿<?xml version="1.0" encoding="utf-8"?>
<project name="Quiz_App" default="deploy" basedir="D:\TAILIEUDAIHOC\NCKH\Mendix\Quiz_App-main">
  <description>Ant buildfile for deployment. Generated by Mendix Studio Pro.</description>
  <property name="deployment" location="deployment" />
  <property name="model" location="${deployment}/model" />
  <target name="clean" description="clean the deployment directory">
    <delete dir="${model}" />
    <delete dir="${deployment}/run" />
  </target>
  <target name="clean-custom-classes" description="clean the compiled custom java action classes">
    <delete>
      <fileset dir="${deployment}/run/bin" includes="**/*" />
    </delete>
  </target>
  <target name="clean-excluded-jars" description="clean the jar files that should be excluded" />
  <target name="deploy" description="deploy the project">
    <copy todir="${deployment}" overwrite="true">
      <fileset dir="C:/Program Files/Mendix/11.2.0.77998/modeler/runtemplates/deployment">
        <exclude name="**/*.template" />
      </fileset>
    </copy>
    <copy todir="${model}/lib/userlib" overwrite="true">
      <fileset dir="userlib" />
    </copy>
    <copy todir="${model}/resources" overwrite="true">
      <fileset dir="resources" />
    </copy>
  </target>
  <target name="compile" description="Compile Java actions">
    <javac destdir="${deployment}/run/bin" includeAntRuntime="false" debug="true" debuglevel="lines,source" encoding="UTF-8">
      <src path="javasource" />
      <classpath>
        <fileset file="C:/Program Files/Mendix/11.2.0.77998/runtime/bundles/com.mendix.json.jar" />
        <fileset file="C:/Program Files/Mendix/11.2.0.77998/runtime/bundles/com.mendix.logging-api.jar" />
        <fileset file="C:/Program Files/Mendix/11.2.0.77998/runtime/bundles/com.mendix.public-api.jar" />
        <fileset file="C:/Program Files/Mendix/11.2.0.77998/runtime/bundles/org.eclipse.jetty.toolchain.jetty-servlet-api.jar" />
        <fileset file="C:/Program Files/Mendix/11.2.0.77998/runtime/bundles/org.eclipse.jetty.toolchain.jetty-javax-websocket-api.jar" />
        <fileset dir="userlib">
          <include name="*.jar" />
        </fileset>
      </classpath>
    </javac>
  </target>
  <target name="package" description="Generate Jar File">
    <jar destfile="${deployment}/model/bundles/project.jar">
      <fileset dir="${deployment}/run/bin" excludes=".keep" />
      <fileset dir="userlib" excludes="**/*.jar" casesensitive="false" />
      <zipfileset dir="${deployment}/run" includes="component.xml" fullpath="OSGI-INF/component.xml" />
      <manifest>
        <attribute name="Bundle-Name" value="Quiz_App_main" />
        <attribute name="Bundle-SymbolicName" value="project" />
        <attribute name="Service-Component" value="OSGI-INF/component.xml" />
      </manifest>
    </jar>
  </target>
</project>