{
  "RuntimeVersion": "11.2.0.77998",
  "ProjectID": "cbe6371c-b1f1-4903-95e9-e71b5ac3e443",
  "ProjectName": "Quiz_App",
  "ModelVersion": "unversioned",
  "Description": "",
  "AdminUser": "MxAdmin",
  "AdminRole": "8dd52bfa-6d7e-453b-b506-303c0a3d9567",
  "JavaVersion": 21,
  "Roles": {
    "8dd52bfa-6d7e-453b-b506-303c0a3d9567": {
      "Name": "Administrator",
      "ManageableRoles": [
        "8dd52bfa-6d7e-453b-b506-303c0a3d9567",
        "53f5d6fa-6da9-4a71-b011-454ec052cce8"
      ]
    },
    "53f5d6fa-6da9-4a71-b011-454ec052cce8": {
      "Name": "User"
    }
  },
  "Constants": [
    {
      "Name": "FeedbackModule.ClientIdentifier",
      "Type": "String",
      "Description": "",
      "DefaultValue": "Feedback Module 4.0.2"
    },
    {
      "Name": "FeedbackModule.LocalStorageKey",
      "Type": "String",
      "Description": "",
      "DefaultValue": "mxfeedback-form-data"
    }
  ],
  "ScheduledEvents": [],
  "Languages": [
    "en_US"
  ],
  "Configuration": {
    "SourceDatabaseType": "HSQLDB",
    "SourceDatabaseName": "default",
    "SourceBuiltInDatabasePath": "model/sampledata/data/database"
  },
  "RequestHandlers": [
    {
      "Name": "/api/",
      "DefaultEnabled": true,
      "MatchExactly": false
    },
    {
      "Name": "/link/",
      "DefaultEnabled": true,
      "MatchExactly": false
    },
    {
      "Name": "/p/",
      "DefaultEnabled": false,
      "MatchExactly": false
    }
  ]
}