{"MyFirstModule.ACT_StartQuiz":{"p":[],"a":[]},"MyFirstModule.DS_ImageAnswers":{"p":["MyFirstModule.Answers"],"a":[["MyFirstModule.Answers_ImageQuestion","MyFirstModule.Answers"],["MyFirstModule.Answers_ImageQuestion","MyFirstModule.ImageQuestion"]]},"MyFirstModule.ACT_CommitImage":{"p":["MyFirstModule.ImageQuestion"],"a":[["MyFirstModule.ImageQuestion_Quetions","MyFirstModule.Quetions"],["MyFirstModule.ImageQuestion_Quetions","MyFirstModule.ImageQuestion"],["MyFirstModule.Answers_ImageQuestion","MyFirstModule.ImageQuestion"],["MyFirstModule.Answers_ImageQuestion","MyFirstModule.Answers"]]},"MyFirstModule.DS_Helper_Admin":{"p":["MyFirstModule.Quetions","MyFirstModule.Quiz"],"a":[["MyFirstModule.Answers_Quetions","MyFirstModule.Quetions"],["MyFirstModule.UserAnswers_Quetions","MyFirstModule.Quetions"]]},"MyFirstModule.DS_UserAnswer":{"p":["MyFirstModule.Answers","MyFirstModule.Quetions","MyFirstModule.Quiz"],"a":[["MyFirstModule.UserAnswers_Quiz","MyFirstModule.Quiz"]]},"MyFirstModule.OCH_CheckAnswer":{"p":["MyFirstModule.Quetions","MyFirstModule.Quiz","MyFirstModule.Check_Answer"],"a":[["MyFirstModule.Answers_Quetions","MyFirstModule.Quetions"],["MyFirstModule.UserAnswers_Quetions","MyFirstModule.Quetions"]]},"MyFirstModule.ACT_FinishQuiz":{"p":["MyFirstModule.Quiz"],"a":[["MyFirstModule.Quiz_Quetions","MyFirstModule.Quiz"],["MyFirstModule.Answers_Quetions","MyFirstModule.Quetions"],["MyFirstModule.UserAnswers_Quetions","MyFirstModule.Quetions"],["MyFirstModule.UserAnswers_Quetions","MyFirstModule.UserAnswers"],["MyFirstModule.UserAnswers_Quiz","MyFirstModule.Quiz"],["MyFirstModule.UserAnswers_Quiz","MyFirstModule.UserAnswers"],["MyFirstModule.UserAnswers_Answers","MyFirstModule.Answers"],["MyFirstModule.UserAnswers_Answers","MyFirstModule.UserAnswers"]]},"MyFirstModule.DS_Helper":{"p":[],"a":[]},"MyFirstModule.DS_ImageQuestion":{"p":["MyFirstModule.Quetions"],"a":[["MyFirstModule.ImageQuestion_Quetions","MyFirstModule.Quetions"],["MyFirstModule.ImageQuestion_Quetions","MyFirstModule.ImageQuestion"]]},"MyFirstModule.ACT_AddQuestion":{"p":["MyFirstModule.Quetions"],"a":[]},"Administration.ChangeMyPassword":{"p":["Administration.AccountPasswordData"],"a":[["Administration.AccountPasswordData_Account","Administration.AccountPasswordData"],["Administration.AccountPasswordData_Account","Administration.Account"]]},"Administration.ShowMyPasswordForm":{"p":["Administration.Account"],"a":[]},"Administration.SaveNewAccount":{"p":["Administration.AccountPasswordData"],"a":[["Administration.AccountPasswordData_Account","Administration.AccountPasswordData"],["Administration.AccountPasswordData_Account","Administration.Account"]]},"Administration.ShowPasswordForm":{"p":["Administration.Account"],"a":[]},"Administration.ChangePassword":{"p":["Administration.AccountPasswordData"],"a":[["Administration.AccountPasswordData_Account","Administration.AccountPasswordData"],["Administration.AccountPasswordData_Account","Administration.Account"]]},"Administration.NewAccount":{"p":[],"a":[]},"Administration.NewWebServiceAccount":{"p":[],"a":[]},"FeedbackModule.VAL_Feedback":{"p":["FeedbackModule.Feedback"],"a":[]},"FeedbackModule.SUB_Feedback_SendToServer":{"p":["FeedbackModule.Feedback"],"a":[]},"FeedbackModule.PopulateUserAttributes":{"p":["FeedbackModule.Feedback"],"a":[]}}