[{"operationId":"ELX3r648pFKiOWij6ZGVCg","operationType":"rollback","parameters":{"Objects":["AnyObjectList"]},"constants":{},"allowedUserRoleSets":[["Administrator"],["User"]]},{"operationId":"HX9U1GOYhVG/DvbQD0aaBA","operationType":"retrieve","parameters":{"CurrentObject":["MyFirstModule.Quetions"]},"constants":{"PageName":"MyFirstModule.Quiz_NewEdit_Admin","WidgetName":"MyFirstModule.Quiz_NewEdit_Admin.dataView2","UsedAssociations":[],"UsedAttributes":[],"EntityPath":"MyFirstModule.ImageQuestion_Quetions/MyFirstModule.ImageQuestion"},"allowedUserRoleSets":[["Administrator"],["User"]]},{"operationId":"s5anYIV2slaLGEg1bFDoUA","operationType":"commit","parameters":{"Objects":["AnyObjectList"]},"constants":{},"allowedUserRoleSets":[["Administrator"],["User"]]},{"operationId":"X0vFmJEZaVGV9UwfRRTN3Q","operationType":"rollback","parameters":{"Objects":["AnyObjectList"]},"constants":{},"allowedUserRoleSets":[["Administrator"],["User"]]},{"operationId":"bUlL+xJ0GVCVeVzNRlIW9A","operationType":"callMicroflow","parameters":{},"constants":{"MicroflowName":"Administration.NewWebServiceAccount"},"allowedUserRoleSets":[["Administrator"]]},{"operationId":"5SrkTaJrG16JxWvvPPQskA","operationType":"callMicroflow","parameters":{},"constants":{"MicroflowName":"Administration.NewAccount"},"allowedUserRoleSets":[["Administrator"]]},{"operationId":"loDrMqVKslugxNkJl1pktw","operationType":"retrieve","parameters":{"CurrentObject":["MyFirstModule.Quetions"]},"constants":{"PageName":"MyFirstModule.Quiz_NewEdit","WidgetName":"MyFirstModule.Quiz_NewEdit.listView2","UsedAssociations":[],"UsedAttributes":[],"EntityPath":"MyFirstModule.Answers_Quetions/MyFirstModule.Answers"},"allowedUserRoleSets":[["Administrator"],["User"]]},{"operationId":"I+b4GICAAVaYlwbHl9Bh8Q","operationType":"retrieve","parameters":{},"constants":{"PageName":"Atlas_Core.Atlas_SideBar","WidgetName":"Atlas_Core.LanguageSelectorWidget.languageSelector1","UsedAssociations":[],"UsedAttributes":["System.Language/System.Language.Description"],"XPath":"//System.Language"},"allowedUserRoleSets":[["Administrator"],["User"]]},{"operationId":"8P+uq/2NVVqxP/D+4QdddQ","operationType":"callMicroflow","parameters":{"Quetions":["MyFirstModule.Quetions"]},"constants":{"MicroflowName":"MyFirstModule.ACT_AddQuestion"},"allowedUserRoleSets":[["Administrator"]]},{"operationId":"k8IUs9dXWlqq/OmDcgr6yA","operationType":"retrieve","parameters":{},"constants":{"PageName":"Administration.RuntimeInstances","WidgetName":"Administration.RuntimeInstances.dataGrid21","UsedAssociations":[],"UsedAttributes":["System.XASInstance/System.XASInstance.XASId","System.XASInstance/System.XASInstance.createdDate","System.XASInstance/System.XASInstance.AllowedNumberOfConcurrentUsers","System.XASInstance/System.XASInstance.PartnerName","System.XASInstance/System.XASInstance.CustomerName"],"XPath":"//System.XASInstance"},"allowedUserRoleSets":[["Administrator"],["User"]]},{"operationId":"w4Bj+mmz9lyxuZATXWPxRA","operationType":"rollback","parameters":{"Objects":["AnyObjectList"]},"constants":{},"allowedUserRoleSets":[["Administrator"],["User"]]},{"operationId":"bmprAmApYVyb9RgxpUPoGw","operationType":"retrieve","parameters":{"CurrentObject":["MyFirstModule.Quetions"]},"constants":{"PageName":"MyFirstModule.Quiz_NewEdit","WidgetName":"MyFirstModule.Quiz_NewEdit.dataView2","UsedAssociations":[],"UsedAttributes":[],"EntityPath":"MyFirstModule.ImageQuestion_Quetions/MyFirstModule.ImageQuestion"},"allowedUserRoleSets":[["Administrator"],["User"]]},{"operationId":"+yuFctREml6KrU7zxzqveQ","operationType":"retrieveByMicroflow","parameters":{"Answers":["MyFirstModule.Answers"]},"constants":{"PageName":"MyFirstModule.Answers_NewEdit","WidgetName":"MyFirstModule.Answers_NewEdit.dataView2","UsedAssociations":[],"UsedAttributes":[],"MicroflowName":"MyFirstModule.DS_ImageAnswers"},"allowedUserRoleSets":[["Administrator"],["User"]]},{"operationId":"DEWZHQHU6Ve3onbGhV6rFg","operationType":"callMicroflow","parameters":{"Quiz":["MyFirstModule.Quiz"]},"constants":{"MicroflowName":"MyFirstModule.ACT_FinishQuiz"},"allowedUserRoleSets":[["Administrator"],["User"]]},{"operationId":"UdhqWPlyX12pki2Z3a4Z+g","operationType":"rollback","parameters":{"Objects":["AnyObjectList"]},"constants":{},"allowedUserRoleSets":[["Administrator"],["User"]]},{"operationId":"/q89zuWgqluB2sJ4hLwMYg","operationType":"callMicroflow","parameters":{"Feedback":["FeedbackModule.Feedback"]},"constants":{"MicroflowName":"FeedbackModule.VAL_Feedback"},"allowedUserRoleSets":[["User"]]},{"operationId":"/zmvE5xlalqT/6rG1tAObg","operationType":"commit","parameters":{"Objects":["AnyObjectList"]},"constants":{},"allowedUserRoleSets":[["Administrator"],["User"]]},{"operationId":"SC2qmUP6IlOwfzILxsdZ7g","operationType":"rollback","parameters":{"Objects":["AnyObjectList"]},"constants":{},"allowedUserRoleSets":[["Administrator"],["User"]]},{"operationId":"7Ipxv4Iy4F+Mnep7G+UXiQ","operationType":"retrieve","parameters":{},"constants":{"PageName":"MyFirstModule.Quetions_Overview","WidgetName":"MyFirstModule.Quetions_Overview.dataGrid2_1","UsedAssociations":[],"UsedAttributes":["MyFirstModule.Quetions/MyFirstModule.Quetions.SN","MyFirstModule.Quetions/MyFirstModule.Quetions.Question","MyFirstModule.Quetions/MyFirstModule.Quetions.IsActive"],"XPath":"//MyFirstModule.Quetions"},"allowedUserRoleSets":[["Administrator"],["User"]]},{"operationId":"zKffl7zRZ1aJ0e8iBDV2ow","operationType":"callMicroflow","parameters":{"Quetions":["MyFirstModule.Quetions"],"Quiz":["MyFirstModule.Quiz"],"Check_Answer":["MyFirstModule.Check_Answer"]},"constants":{"MicroflowName":"MyFirstModule.OCH_CheckAnswer"},"allowedUserRoleSets":[["Administrator"],["User"]]},{"operationId":"mYGdFGPFClOewPxibw+41A","operationType":"callMicroflow","parameters":{"Account":["Administration.Account"]},"constants":{"MicroflowName":"Administration.ShowPasswordForm"},"allowedUserRoleSets":[["Administrator"]]},{"operationId":"Ld2h4ZwYcVeacdRYriyKcA","operationType":"retrieve","parameters":{},"constants":{"PageName":"Administration.Account_New","WidgetName":"Administration.Account_New.comboBox1","UsedAssociations":[],"UsedAttributes":["System.UserRole/System.UserRole.Name"],"XPath":"//System.UserRole[System.grantableRoles[reversed()]/System.UserRole/System.UserRoles = '[%CurrentUser%]']"},"allowedUserRoleSets":[["Administrator"],["User"]]},{"operationId":"HV+oa3k+41GxQ2CGh/xfrg","operationType":"retrieve","parameters":{},"constants":{"PageName":"Atlas_Core.Atlas_TopBar","WidgetName":"Atlas_Core.LanguageSelectorWidget.languageSelector1","UsedAssociations":[],"UsedAttributes":["System.Language/System.Language.Description"],"XPath":"//System.Language"},"allowedUserRoleSets":[["Administrator"],["User"]]},{"operationId":"hSbtLde6v1Wn7j90pI+8xg","operationType":"retrieve","parameters":{"CurrentObject":["Administration.AccountPasswordData"]},"constants":{"PageName":"Administration.Account_New","WidgetName":"Administration.Account_New.dataView1","UsedAssociations":["Administration.Account/System.UserRoles/System.UserRole","Administration.Account/System.User_Language/System.Language","Administration.Account/System.User_TimeZone/System.TimeZone"],"UsedAttributes":[],"EntityPath":"Administration.AccountPasswordData_Account/Administration.Account"},"allowedUserRoleSets":[["Administrator"],["User"]]},{"operationId":"qZ4iT6W9+1ayfCmcGzHWNg","operationType":"callMicroflow","parameters":{"Feedback":["FeedbackModule.Feedback"]},"constants":{"MicroflowName":"FeedbackModule.PopulateUserAttributes"},"allowedUserRoleSets":[["User"]]},{"operationId":"u2Cg2F+0clGTmHUmw9dHaQ","operationType":"delete","parameters":{"Objects":["[MyFirstModule.Quetions]"]},"constants":{},"allowedUserRoleSets":[["Administrator"]]},{"operationId":"ucb/jrOW5lWxGgltpiYomw","operationType":"rollback","parameters":{"Objects":["AnyObjectList"]},"constants":{},"allowedUserRoleSets":[["Administrator"],["User"]]},{"operationId":"H3C1WiNu8lC31UCXe/DxRw","operationType":"retrieve","parameters":{},"constants":{"PageName":"Administration.ActiveSessions","WidgetName":"Administration.ActiveSessions.dataGrid21","UsedAssociations":[],"UsedAttributes":["System.Session/System.Session_User/System.User/System.User.Name","System.Session/System.Session.LastActive"],"XPath":"//System.Session"},"allowedUserRoleSets":[["Administrator"],["User"]]},{"operationId":"iyWU1RZVqVGn1bQyBgeXFA","operationType":"retrieve","parameters":{"CurrentObject":["MyFirstModule.Quetions"]},"constants":{"PageName":"MyFirstModule.Quetions_NewEdit","WidgetName":"MyFirstModule.Quetions_NewEdit.listView1","UsedAssociations":["MyFirstModule.Answers/MyFirstModule.Answers_ImageQuestion/MyFirstModule.ImageQuestion"],"UsedAttributes":[],"EntityPath":"MyFirstModule.Answers_Quetions/MyFirstModule.Answers"},"allowedUserRoleSets":[["Administrator"],["User"]]},{"operationId":"iw+LH1qUAF6dmm8IG21bSg","operationType":"create","parameters":{},"constants":{"ObjectType":"MyFirstModule.Quetions"},"allowedUserRoleSets":[["Administrator"]]},{"operationId":"DagQD3ht01aPFXPZpJMZUw","operationType":"rollback","parameters":{"Objects":["AnyObjectList"]},"constants":{},"allowedUserRoleSets":[["Administrator"],["User"]]},{"operationId":"ZkEGq4ACy12G2jaVwzip/w","operationType":"callMicroflow","parameters":{"Account":["Administration.Account"]},"constants":{"MicroflowName":"Administration.ShowMyPasswordForm"},"allowedUserRoleSets":[["Administrator"],["User"]]},{"operationId":"bu4cSjx7TVeSiXDJlv+jgA","operationType":"callMicroflow","parameters":{"ImageQuestion":["MyFirstModule.ImageQuestion"]},"constants":{"MicroflowName":"MyFirstModule.ACT_CommitImage"},"allowedUserRoleSets":[["Administrator"]]},{"operationId":"uIH5hDVdj1mzi/q12cZpAA","operationType":"rollback","parameters":{"Objects":["AnyObjectList"]},"constants":{},"allowedUserRoleSets":[["Administrator"],["User"]]},{"operationId":"0gX9I5CnD1eFQqxF9IcAUQ","operationType":"commit","parameters":{"Objects":["AnyObjectList"]},"constants":{},"allowedUserRoleSets":[["Administrator"],["User"]]},{"operationId":"oLmnyApsN1GZpbczN6Sy0g","operationType":"commit","parameters":{"Objects":["AnyObjectList"]},"constants":{},"allowedUserRoleSets":[["Administrator"],["User"]]},{"operationId":"gPyGPRbAtVWTZ7Bm4lyOiQ","operationType":"retrieve","parameters":{"CurrentObject":["MyFirstModule.Quiz"]},"constants":{"PageName":"MyFirstModule.Quiz_NewEdit","WidgetName":"MyFirstModule.Quiz_NewEdit.listView1","UsedAssociations":["MyFirstModule.Quetions/MyFirstModule.ImageQuestion_Quetions/MyFirstModule.ImageQuestion"],"UsedAttributes":[],"EntityPath":"MyFirstModule.Quiz_Quetions/MyFirstModule.Quetions"},"allowedUserRoleSets":[["Administrator"],["User"]]},{"operationId":"R41C1XQQ61CRpHXAjggwbQ","operationType":"retrieve","parameters":{},"constants":{"PageName":"Administration.Account_Overview","WidgetName":"Administration.Account_Overview.dataGrid21","UsedAssociations":[],"UsedAttributes":["Administration.Account/Administration.Account.FullName","Administration.Account/System.User.Name","Administration.Account/System.UserRoles/System.UserRole/System.UserRole.Name","Administration.Account/System.User.LastLogin","Administration.Account/System.User.Active","Administration.Account/System.User.WebServiceUser","Administration.Account/Administration.Account.IsLocalUser"],"XPath":"//Administration.Account[(System.UserRoles/System.UserRole/System.grantableRoles[reversed()]/System.UserRole/System.UserRoles = '[%CurrentUser%]' or not(System.UserRoles/System.UserRole)) and Name != empty]"},"allowedUserRoleSets":[["Administrator"],["User"]]},{"operationId":"RmZrmL1HNliYrLhGfkNSsA","operationType":"rollback","parameters":{"Objects":["AnyObjectList"]},"constants":{},"allowedUserRoleSets":[["Administrator"],["User"]]},{"operationId":"gjY/ufBydl6D5x0gGGD37g","operationType":"retrieve","parameters":{"CurrentObject":["MyFirstModule.Quiz"]},"constants":{"PageName":"MyFirstModule.Quiz_NewEdit_Admin","WidgetName":"MyFirstModule.Quiz_NewEdit_Admin.listView1","UsedAssociations":["MyFirstModule.Quetions/MyFirstModule.ImageQuestion_Quetions/MyFirstModule.ImageQuestion"],"UsedAttributes":[],"EntityPath":"MyFirstModule.Quiz_Quetions/MyFirstModule.Quetions"},"allowedUserRoleSets":[["Administrator"],["User"]]},{"operationId":"dRoEvEkA3F+jtqP4taDbSQ","operationType":"rollback","parameters":{"Objects":["AnyObjectList"]},"constants":{},"allowedUserRoleSets":[["Administrator"],["User"]]},{"operationId":"Yh7cRa9DqVWG4NDUiVlSrw","operationType":"commit","parameters":{"Objects":["[FeedbackModule.Feedback]"]},"constants":{},"allowedUserRoleSets":[["Administrator"],["User"]]},{"operationId":"GA9WSioeN1+8fmQByt2N+Q","operationType":"retrieve","parameters":{},"constants":{"PageName":"Administration.Account_Edit","WidgetName":"Administration.Account_Edit.comboBox2","UsedAssociations":[],"UsedAttributes":["System.UserRole/System.UserRole.Name"],"XPath":"//System.UserRole[System.grantableRoles[reversed()]/System.UserRole/System.UserRoles = '[%CurrentUser%]']"},"allowedUserRoleSets":[["Administrator"],["User"]]},{"operationId":"CEUyxgmmf1SmdV0qgl0fXQ","operationType":"retrieveByMicroflow","parameters":{"Quetions":["MyFirstModule.Quetions"],"Quiz":["MyFirstModule.Quiz"]},"constants":{"PageName":"MyFirstModule.Quiz_NewEdit_Admin","WidgetName":"MyFirstModule.Quiz_NewEdit_Admin.dataView3","UsedAssociations":[],"UsedAttributes":[],"MicroflowName":"MyFirstModule.DS_Helper_Admin"},"allowedUserRoleSets":[["Administrator"],["User"]]},{"operationId":"lNQjleoh1lm7gDI5yAoYKg","operationType":"retrieve","parameters":{},"constants":{"PageName":"Administration.Account_New","WidgetName":"Administration.Account_New.comboBox3","UsedAssociations":[],"UsedAttributes":["System.Language/System.Language.Description"],"XPath":"//System.Language"},"allowedUserRoleSets":[["Administrator"],["User"]]},{"operationId":"5fX+hQ8+eFuchhn1/jmO2w","operationType":"retrieve","parameters":{},"constants":{"PageName":"Administration.Account_Edit","WidgetName":"Administration.Account_Edit.comboBox4","UsedAssociations":[],"UsedAttributes":["System.TimeZone/System.TimeZone.Description"],"XPath":"//System.TimeZone"},"allowedUserRoleSets":[["Administrator"],["User"]]},{"operationId":"tJMzmvA5n1Gv7i5GgNYVqQ","operationType":"retrieveByMicroflow","parameters":{"Answers":["MyFirstModule.Answers"],"Quetions":["MyFirstModule.Quetions"],"Quiz":["MyFirstModule.Quiz"]},"constants":{"PageName":"MyFirstModule.Quiz_NewEdit","WidgetName":"MyFirstModule.Quiz_NewEdit.dataView4","UsedAssociations":["MyFirstModule.UserAnswers/MyFirstModule.UserAnswers_Answers/MyFirstModule.Answers/MyFirstModule.Answers_ImageQuestion/MyFirstModule.ImageQuestion"],"UsedAttributes":[],"MicroflowName":"MyFirstModule.DS_UserAnswer"},"allowedUserRoleSets":[["Administrator"],["User"]]},{"operationId":"lZOJukvrPliQSIbV4bKmaA","operationType":"callMicroflow","parameters":{"AccountPasswordData":["Administration.AccountPasswordData"]},"constants":{"MicroflowName":"Administration.SaveNewAccount"},"allowedUserRoleSets":[["Administrator"]]},{"operationId":"tF+dCdKFsFaO4FY7z4K5BQ","operationType":"retrieve","parameters":{},"constants":{"PageName":"Administration.MyAccount","WidgetName":"Administration.MyAccount.comboBox3","UsedAssociations":[],"UsedAttributes":["System.Language/System.Language.Description"],"XPath":"//System.Language"},"allowedUserRoleSets":[["Administrator"],["User"]]},{"operationId":"7lkVNSUy4lSn7aqbj5iIkQ","operationType":"retrieveByMicroflow","parameters":{"Quetions":["MyFirstModule.Quetions"]},"constants":{"PageName":"MyFirstModule.Quetions_NewEdit","WidgetName":"MyFirstModule.Quetions_NewEdit.dataView2","UsedAssociations":[],"UsedAttributes":[],"MicroflowName":"MyFirstModule.DS_ImageQuestion"},"allowedUserRoleSets":[["Administrator"],["User"]]},{"operationId":"hliFpEkRulORNjVGWJNCVQ","operationType":"callMicroflow","parameters":{"AccountPasswordData":["Administration.AccountPasswordData"]},"constants":{"MicroflowName":"Administration.ChangePassword"},"allowedUserRoleSets":[["Administrator"]]},{"operationId":"dWvPTrqLQlKQ4iTT2QapeQ","operationType":"callMicroflow","parameters":{"AccountPasswordData":["Administration.AccountPasswordData"]},"constants":{"MicroflowName":"Administration.ChangeMyPassword"},"allowedUserRoleSets":[["Administrator"],["User"]]},{"operationId":"FHh8JWrDblCnpFqkQ/QrvA","operationType":"delete","parameters":{"Objects":["[MyFirstModule.Quiz]"]},"constants":{},"allowedUserRoleSets":[["Administrator"],["User"]]},{"operationId":"Od7zjCss8l6ybFCEIsoyyA","operationType":"rollback","parameters":{"Objects":["AnyObjectList"]},"constants":{},"allowedUserRoleSets":[["Administrator"],["User"]]},{"operationId":"0me+OyOJn12ZdYMbXV9FXw","operationType":"retrieve","parameters":{},"constants":{"PageName":"Administration.Account_Overview","WidgetName":"Administration.Account_Overview.drop_downFilter1","UsedAssociations":[],"UsedAttributes":["System.UserRole/System.UserRole.Name"],"XPath":"//System.UserRole"},"allowedUserRoleSets":[["Administrator"],["User"]]},{"operationId":"VVzxvu23EF+GqFKw7AGSwg","operationType":"retrieve","parameters":{},"constants":{"PageName":"Administration.Account_Edit","WidgetName":"Administration.Account_Edit.comboBox3","UsedAssociations":[],"UsedAttributes":["System.Language/System.Language.Description"],"XPath":"//System.Language"},"allowedUserRoleSets":[["Administrator"],["User"]]},{"operationId":"uAk42l75WF2S3cRWGk/dpg","operationType":"callMicroflow","parameters":{"Feedback":["FeedbackModule.Feedback"]},"constants":{"MicroflowName":"FeedbackModule.SUB_Feedback_SendToServer"},"allowedUserRoleSets":[["User"]]},{"operationId":"Kdi2fGsBG1G/yAokJUGhIg","operationType":"rollback","parameters":{"Objects":["AnyObjectList"]},"constants":{},"allowedUserRoleSets":[["Administrator"],["User"]]},{"operationId":"FiBPjywCi1WHSpHXjLtJdg","operationType":"retrieveByMicroflow","parameters":{"Answers":["MyFirstModule.Answers"],"Quetions":["MyFirstModule.Quetions"],"Quiz":["MyFirstModule.Quiz"]},"constants":{"PageName":"MyFirstModule.Quiz_NewEdit_Admin","WidgetName":"MyFirstModule.Quiz_NewEdit_Admin.dataView4","UsedAssociations":["MyFirstModule.UserAnswers/MyFirstModule.UserAnswers_Answers/MyFirstModule.Answers/MyFirstModule.Answers_ImageQuestion/MyFirstModule.ImageQuestion"],"UsedAttributes":[],"MicroflowName":"MyFirstModule.DS_UserAnswer"},"allowedUserRoleSets":[["Administrator"],["User"]]},{"operationId":"WqZU/0VibF2sOwWybSRJyw","operationType":"retrieve","parameters":{},"constants":{"PageName":"MyFirstModule.Home_Web","WidgetName":"MyFirstModule.Home_Web.dataGrid2_1","UsedAssociations":[],"UsedAttributes":["MyFirstModule.Quiz/System.owner/System.User/System.User.Name","MyFirstModule.Quiz/MyFirstModule.Quiz.createdDate","MyFirstModule.Quiz/MyFirstModule.Quiz.TrueAnswers","MyFirstModule.Quiz/MyFirstModule.Quiz.FalseAnswers","MyFirstModule.Quiz/MyFirstModule.Quiz.IsOpen"],"XPath":"//MyFirstModule.Quiz"},"allowedUserRoleSets":[["Administrator"],["User"]]},{"operationId":"WhtmpA9DhVi/+Xy4c0XAng","operationType":"commit","parameters":{"Objects":["[FeedbackModule.Feedback]"]},"constants":{},"allowedUserRoleSets":[["Administrator"],["User"]]},{"operationId":"jZrbc+X4DFmzAHS7Zdf2Wg","operationType":"callMicroflow","parameters":{},"constants":{"MicroflowName":"MyFirstModule.ACT_StartQuiz"},"allowedUserRoleSets":[["Administrator"],["User"]]},{"operationId":"PstRoHOK1FyP1s/P+aZEEw","operationType":"retrieve","parameters":{"CurrentObject":["MyFirstModule.Quetions"]},"constants":{"PageName":"MyFirstModule.Quiz_NewEdit_Admin","WidgetName":"MyFirstModule.Quiz_NewEdit_Admin.listView2","UsedAssociations":[],"UsedAttributes":[],"EntityPath":"MyFirstModule.Answers_Quetions/MyFirstModule.Answers"},"allowedUserRoleSets":[["Administrator"],["User"]]},{"operationId":"4cJXj3BK3FKymJ1ot8Y1Sg","operationType":"rollback","parameters":{"Objects":["AnyObjectList"]},"constants":{},"allowedUserRoleSets":[["Administrator"],["User"]]},{"operationId":"xAlzJ1Y9116HJW9//0nvRQ","operationType":"rollback","parameters":{"Objects":["AnyObjectList"]},"constants":{},"allowedUserRoleSets":[["Administrator"],["User"]]},{"operationId":"vCkLc7jJd1WsAqiKaT7ceA","operationType":"retrieve","parameters":{},"constants":{"PageName":"Administration.Account_New","WidgetName":"Administration.Account_New.comboBox2","UsedAssociations":[],"UsedAttributes":["System.TimeZone/System.TimeZone.Description"],"XPath":"//System.TimeZone"},"allowedUserRoleSets":[["Administrator"],["User"]]},{"operationId":"mdQuHHc6jl2Qu9OvGLKZ+A","operationType":"retrieve","parameters":{},"constants":{"PageName":"Atlas_Core.Atlas_Default","WidgetName":"Atlas_Core.LanguageSelectorWidget.languageSelector1","UsedAssociations":[],"UsedAttributes":["System.Language/System.Language.Description"],"XPath":"//System.Language"},"allowedUserRoleSets":[["Administrator"],["User"]]},{"operationId":"4l99u35S4FqSFD3QqlEBig","operationType":"rollback","parameters":{"Objects":["AnyObjectList"]},"constants":{},"allowedUserRoleSets":[["Administrator"],["User"]]},{"operationId":"dN9UKml8hVOJUpfOCVCJOA","operationType":"retrieve","parameters":{},"constants":{"PageName":"Administration.ScheduledEvents","WidgetName":"Administration.ScheduledEvents.dataGrid21","UsedAssociations":[],"UsedAttributes":["System.ScheduledEventInformation/System.ScheduledEventInformation.Name","System.ScheduledEventInformation/System.ScheduledEventInformation.Description","System.ScheduledEventInformation/System.ScheduledEventInformation.StartTime","System.ScheduledEventInformation/System.ScheduledEventInformation.Status","System.ScheduledEventInformation/System.ScheduledEventInformation.EndTime"],"XPath":"//System.ScheduledEventInformation"},"allowedUserRoleSets":[["Administrator"],["User"]]},{"operationId":"mbPcrr+dIF2DydRHtb0lOg","operationType":"delete","parameters":{"Objects":["[System.Session]"]},"constants":{},"allowedUserRoleSets":[["Administrator"]]},{"operationId":"r+ttKfu5pFWQO8IVpA+EDw","operationType":"retrieveByMicroflow","parameters":{},"constants":{"PageName":"MyFirstModule.Quiz_NewEdit","WidgetName":"MyFirstModule.Quiz_NewEdit.dataView3","UsedAssociations":[],"UsedAttributes":[],"MicroflowName":"MyFirstModule.DS_Helper"},"allowedUserRoleSets":[["Administrator"],["User"]]},{"operationId":"9Ej51QuHrFitJtWvmxycwQ","operationType":"rollback","parameters":{"Objects":["AnyObjectList"]},"constants":{},"allowedUserRoleSets":[["Administrator"],["User"]]},{"operationId":"3e0DZRQcCVSlu5/uDI6tRA","operationType":"delete","parameters":{"Objects":["[Administration.Account]"]},"constants":{},"allowedUserRoleSets":[["Administrator"]]},{"operationId":"HkXeyfru31uO+f1IABSByQ","operationType":"commit","parameters":{"Objects":["AnyObjectList"]},"constants":{},"allowedUserRoleSets":[["Administrator"],["User"]]},{"operationId":"LMJcEIZeEF+yTQaO80bJ/g","operationType":"rollback","parameters":{"Objects":["AnyObjectList"]},"constants":{},"allowedUserRoleSets":[["Administrator"],["User"]]},{"operationId":"EfTtPar4cFu74j+8F6xwZg","operationType":"commit","parameters":{"Objects":["AnyObjectList"]},"constants":{},"allowedUserRoleSets":[["Administrator"],["User"]]}]